training_data,model,scaler,objective,threshold,Dev_Accuracy,Dev_Precision,Dev_Recall,Dev_F1,Dev_MCC,Accuracy,Precision,Recall,F1,AUC,MCC,TN,FP,FN,TP,daic_train_rows,external_audio_rows,missing_daic_train_audio,missing_daic_dev_audio,missing_daic_test_audio
DAIC_plus_external_audio,AudioExt_SVC_RBF,robust,accuracy,0.8300000000000002,0.7142857142857143,1.0,0.16666666666666666,0.2857142857142857,0.3408249054303634,0.723404255319149,0.6,0.21428571428571427,0.3157894736842105,0.6774891774891775,0.2279437630232866,31,2,11,3,107,800,30,14,15
DAIC_only,AudioExt_SVC_RBF,robust,accuracy,0.30000000000000004,0.6571428571428571,0.0,0.0,0.0,0.0,0.7021276595744681,0.0,0.0,0.0,0.3701298701298701,0.0,33,0,14,0,107,0,30,14,15
DAIC_plus_external_audio,AudioExt_SVC_RBF,standard,accuracy,0.13,0.7142857142857143,0.625,0.4166666666666667,0.5,0.3235531815621354,0.6595744680851063,0.4375,0.5,0.4666666666666667,0.5865800865800865,0.21934486565218833,24,9,7,7,107,800,30,14,15
DAIC_plus_external_audio,AudioExt_LogisticRegression,robust,f1,0.21000000000000002,0.7142857142857143,0.5714285714285714,0.6666666666666666,0.6153846153846154,0.3931785497463924,0.6382978723404256,0.4444444444444444,0.8571428571428571,0.5853658536585366,0.6861471861471862,0.37238748458083104,18,15,2,12,107,800,30,14,15
DAIC_plus_external_audio,AudioExt_LogisticRegression,robust,accuracy,0.29000000000000004,0.7428571428571429,0.6666666666666666,0.5,0.5714285714285714,0.4013633399524028,0.6170212765957447,0.4166666666666667,0.7142857142857143,0.5263157894736842,0.6861471861471862,0.2653470548913146,19,14,4,10,107,800,30,14,15
DAIC_plus_external_audio,AudioExt_SoftVotingEnsemble,standard,accuracy,0.29000000000000004,0.7142857142857143,0.625,0.4166666666666667,0.5,0.3235531815621354,0.6170212765957447,0.4,0.5714285714285714,0.47058823529411764,0.6125541125541125,0.19219999204171925,21,12,6,8,107,800,30,14,15
DAIC_plus_external_audio,AudioExt_GradientBoosting,standard,accuracy,0.4200000000000001,0.6571428571428571,0.5,0.25,0.3333333333333333,0.1505860615031832,0.6170212765957447,0.3888888888888889,0.5,0.4375,0.5541125541125541,0.15679582187463909,22,11,7,7,107,800,30,14,15
DAIC_plus_external_audio,AudioExt_GradientBoosting,robust,accuracy,0.4200000000000001,0.6571428571428571,0.5,0.25,0.3333333333333333,0.1505860615031832,0.6170212765957447,0.3888888888888889,0.5,0.4375,0.5541125541125541,0.15679582187463909,22,11,7,7,107,800,30,14,15
DAIC_plus_external_audio,AudioExt_SoftVotingEnsemble,robust,accuracy,0.4600000000000001,0.7142857142857143,0.625,0.4166666666666667,0.5,0.3235531815621354,0.6170212765957447,0.3888888888888889,0.5,0.4375,0.6677489177489178,0.15679582187463909,22,11,7,7,107,800,30,14,15
DAIC_only,AudioExt_SVC_RBF,standard,accuracy,0.3400000000000001,0.7142857142857143,0.75,0.25,0.375,0.3081126094208925,0.6170212765957447,0.3333333333333333,0.2857142857142857,0.3076923076923077,0.5887445887445888,0.0454029804402663,25,8,10,4,107,0,30,14,15
DAIC_only,AudioExt_LogisticRegression,robust,accuracy,0.5800000000000001,0.6857142857142857,0.6,0.25,0.35294117647058826,0.2211629342323457,0.6170212765957447,0.3333333333333333,0.2857142857142857,0.3076923076923077,0.4437229437229437,0.0454029804402663,25,8,10,4,107,0,30,14,15
DAIC_plus_external_audio,AudioExt_LogisticRegression,standard,accuracy,0.24000000000000005,0.7142857142857143,0.5714285714285714,0.6666666666666666,0.6153846153846154,0.3931785497463924,0.5957446808510638,0.4,0.7142857142857143,0.5128205128205128,0.645021645021645,0.23805588025744623,18,15,4,10,107,800,30,14,15
DAIC_plus_external_audio,AudioExt_LogisticRegression,standard,f1,0.24000000000000005,0.7142857142857143,0.5714285714285714,0.6666666666666666,0.6153846153846154,0.3931785497463924,0.5957446808510638,0.4,0.7142857142857143,0.5128205128205128,0.645021645021645,0.23805588025744623,18,15,4,10,107,800,30,14,15
DAIC_plus_external_audio,AudioExt_SVC_RBF,standard,f1,0.07,0.6857142857142857,0.5384615384615384,0.5833333333333334,0.56,0.31677613017944467,0.5957446808510638,0.4,0.7142857142857143,0.5128205128205128,0.5865800865800865,0.23805588025744623,18,15,4,10,107,800,30,14,15
DAIC_only,AudioExt_GradientBoosting,standard,accuracy,0.24000000000000005,0.6857142857142857,0.5555555555555556,0.4166666666666667,0.47619047619047616,0.2636406252628528,0.5957446808510638,0.391304347826087,0.6428571428571429,0.4864864864864865,0.5497835497835498,0.20000039211957293,19,14,5,9,107,0,30,14,15
DAIC_only,AudioExt_GradientBoosting,robust,accuracy,0.24000000000000005,0.6857142857142857,0.5555555555555556,0.4166666666666667,0.47619047619047616,0.2636406252628528,0.5957446808510638,0.391304347826087,0.6428571428571429,0.4864864864864865,0.5497835497835498,0.20000039211957293,19,14,5,9,107,0,30,14,15
DAIC_plus_external_audio,AudioExt_RandomForest,standard,accuracy,0.25000000000000006,0.6571428571428571,0.5,0.75,0.6,0.34065905734382523,0.574468085106383,0.4,0.8571428571428571,0.5454545454545454,0.6320346320346321,0.2966582402960068,15,18,2,12,107,800,30,14,15
DAIC_plus_external_audio,AudioExt_RandomForest,robust,accuracy,0.25000000000000006,0.6571428571428571,0.5,0.75,0.6,0.34065905734382523,0.574468085106383,0.4,0.8571428571428571,0.5454545454545454,0.6320346320346321,0.2966582402960068,15,18,2,12,107,800,30,14,15
DAIC_plus_external_audio,AudioExt_SVC_RBF,robust,f1,0.28,0.6857142857142857,0.5263157894736842,0.8333333333333334,0.6451612903225806,0.42118073470790696,0.574468085106383,0.39285714285714285,0.7857142857142857,0.5238095238095238,0.6774891774891775,0.252135042287904,16,17,3,11,107,800,30,14,15
DAIC_plus_external_audio,AudioExt_SVC_RBF,robust,recall,0.28,0.6857142857142857,0.5263157894736842,0.8333333333333334,0.6451612903225806,0.42118073470790696,0.574468085106383,0.39285714285714285,0.7857142857142857,0.5238095238095238,0.6774891774891775,0.252135042287904,16,17,3,11,107,800,30,14,15
DAIC_only,AudioExt_GradientBoosting,standard,f1,0.15000000000000002,0.6571428571428571,0.5,0.6666666666666666,0.5714285714285714,0.3038024971663591,0.574468085106383,0.38461538461538464,0.7142857142857143,0.5,0.5497835497835498,0.21105155490655148,17,16,4,10,107,0,30,14,15
DAIC_only,AudioExt_GradientBoosting,robust,f1,0.15000000000000002,0.6571428571428571,0.5,0.6666666666666666,0.5714285714285714,0.3038024971663591,0.574468085106383,0.38461538461538464,0.7142857142857143,0.5,0.5497835497835498,0.21105155490655148,17,16,4,10,107,0,30,14,15
DAIC_only,AudioExt_SVC_RBF,standard,f1,0.27,0.6857142857142857,0.5263157894736842,0.8333333333333334,0.6451612903225806,0.42118073470790696,0.5531914893617021,0.3793103448275862,0.7857142857142857,0.5116279069767442,0.5887445887445888,0.22603034062447974,15,18,3,11,107,0,30,14,15
DAIC_plus_external_audio,AudioExt_RandomForest,standard,f1,0.12000000000000002,0.6285714285714286,0.47619047619047616,0.8333333333333334,0.6060606060606061,0.3440312310280933,0.5319148936170213,0.375,0.8571428571428571,0.5217391304347826,0.6320346320346321,0.24632947586151901,13,20,2,12,107,800,30,14,15
DAIC_plus_external_audio,AudioExt_SoftVotingEnsemble,standard,f1,0.09000000000000001,0.6285714285714286,0.47619047619047616,0.8333333333333334,0.6060606060606061,0.3440312310280933,0.5319148936170213,0.375,0.8571428571428571,0.5217391304347826,0.6125541125541125,0.24632947586151901,13,20,2,12,107,800,30,14,15
DAIC_plus_external_audio,AudioExt_RandomForest,robust,f1,0.12000000000000002,0.6285714285714286,0.47619047619047616,0.8333333333333334,0.6060606060606061,0.3440312310280933,0.5319148936170213,0.375,0.8571428571428571,0.5217391304347826,0.6320346320346321,0.24632947586151901,13,20,2,12,107,800,30,14,15
DAIC_plus_external_audio,AudioExt_SoftVotingEnsemble,robust,f1,0.08000000000000002,0.6285714285714286,0.47619047619047616,0.8333333333333334,0.6060606060606061,0.3440312310280933,0.5319148936170213,0.375,0.8571428571428571,0.5217391304347826,0.6677489177489178,0.24632947586151901,13,20,2,12,107,800,30,14,15
DAIC_only,AudioExt_SoftVotingEnsemble,standard,accuracy,0.25000000000000006,0.6857142857142857,0.5384615384615384,0.5833333333333334,0.56,0.31677613017944467,0.5319148936170213,0.35714285714285715,0.7142857142857143,0.47619047619047616,0.5021645021645021,0.1573322663876521,15,18,4,10,107,0,30,14,15
DAIC_plus_external_audio,AudioExt_ExtraTrees,standard,accuracy,0.31000000000000005,0.7142857142857143,0.5833333333333334,0.5833333333333334,0.5833333333333334,0.36594202898550726,0.5319148936170213,0.34615384615384615,0.6428571428571429,0.45,0.6201298701298701,0.11747209188194846,16,17,5,9,107,800,30,14,15
DAIC_plus_external_audio,AudioExt_ExtraTrees,robust,accuracy,0.31000000000000005,0.7142857142857143,0.5833333333333334,0.5833333333333334,0.5833333333333334,0.36594202898550726,0.5319148936170213,0.34615384615384615,0.6428571428571429,0.45,0.6201298701298701,0.11747209188194846,16,17,5,9,107,800,30,14,15
DAIC_only,AudioExt_LogisticRegression,standard,accuracy,0.4000000000000001,0.6857142857142857,0.5454545454545454,0.5,0.5217391304347826,0.2889602459083516,0.5319148936170213,0.3,0.42857142857142855,0.35294117647058826,0.3885281385281385,0.004004166500869151,19,14,8,6,107,0,30,14,15
DAIC_only,AudioExt_RandomForest,standard,accuracy,0.3400000000000001,0.7142857142857143,0.5833333333333334,0.5833333333333334,0.5833333333333334,0.36594202898550726,0.5319148936170213,0.2777777777777778,0.35714285714285715,0.3125,0.5303030303030303,-0.03461725937492032,20,13,9,5,107,0,30,14,15
DAIC_only,AudioExt_RandomForest,standard,f1,0.3400000000000001,0.7142857142857143,0.5833333333333334,0.5833333333333334,0.5833333333333334,0.36594202898550726,0.5319148936170213,0.2777777777777778,0.35714285714285715,0.3125,0.5303030303030303,-0.03461725937492032,20,13,9,5,107,0,30,14,15
DAIC_only,AudioExt_RandomForest,robust,accuracy,0.3400000000000001,0.7142857142857143,0.5833333333333334,0.5833333333333334,0.5833333333333334,0.36594202898550726,0.5319148936170213,0.2777777777777778,0.35714285714285715,0.3125,0.5303030303030303,-0.03461725937492032,20,13,9,5,107,0,30,14,15
DAIC_only,AudioExt_RandomForest,robust,f1,0.3400000000000001,0.7142857142857143,0.5833333333333334,0.5833333333333334,0.5833333333333334,0.36594202898550726,0.5319148936170213,0.2777777777777778,0.35714285714285715,0.3125,0.5303030303030303,-0.03461725937492032,20,13,9,5,107,0,30,14,15
DAIC_only,AudioExt_SoftVotingEnsemble,standard,f1,0.19000000000000003,0.6571428571428571,0.5,0.8333333333333334,0.625,0.3822764257713037,0.5106382978723404,0.3448275862068966,0.7142857142857143,0.46511627906976744,0.5021645021645021,0.13032379999970004,14,19,4,10,107,0,30,14,15
DAIC_only,AudioExt_SoftVotingEnsemble,robust,accuracy,0.25000000000000006,0.6857142857142857,0.5384615384615384,0.5833333333333334,0.56,0.31677613017944467,0.5106382978723404,0.3448275862068966,0.7142857142857143,0.46511627906976744,0.5151515151515151,0.13032379999970004,14,19,4,10,107,0,30,14,15
DAIC_only,AudioExt_SoftVotingEnsemble,robust,f1,0.25000000000000006,0.6857142857142857,0.5384615384615384,0.5833333333333334,0.56,0.31677613017944467,0.5106382978723404,0.3448275862068966,0.7142857142857143,0.46511627906976744,0.5151515151515151,0.13032379999970004,14,19,4,10,107,0,30,14,15
DAIC_only,AudioExt_ExtraTrees,standard,accuracy,0.29000000000000004,0.6857142857142857,0.5384615384615384,0.5833333333333334,0.56,0.31677613017944467,0.5106382978723404,0.32,0.5714285714285714,0.41025641025641024,0.4978354978354978,0.05157877405578002,16,17,6,8,107,0,30,14,15
DAIC_only,AudioExt_ExtraTrees,standard,f1,0.29000000000000004,0.6857142857142857,0.5384615384615384,0.5833333333333334,0.56,0.31677613017944467,0.5106382978723404,0.32,0.5714285714285714,0.41025641025641024,0.4978354978354978,0.05157877405578002,16,17,6,8,107,0,30,14,15
DAIC_only,AudioExt_ExtraTrees,robust,accuracy,0.29000000000000004,0.6857142857142857,0.5384615384615384,0.5833333333333334,0.56,0.31677613017944467,0.5106382978723404,0.32,0.5714285714285714,0.41025641025641024,0.4978354978354978,0.05157877405578002,16,17,6,8,107,0,30,14,15
DAIC_only,AudioExt_ExtraTrees,robust,f1,0.29000000000000004,0.6857142857142857,0.5384615384615384,0.5833333333333334,0.56,0.31677613017944467,0.5106382978723404,0.32,0.5714285714285714,0.41025641025641024,0.4978354978354978,0.05157877405578002,16,17,6,8,107,0,30,14,15
DAIC_plus_external_audio,AudioExt_ExtraTrees,standard,f1,0.22000000000000003,0.6857142857142857,0.5294117647058824,0.75,0.6206896551724138,0.3819510642945919,0.48936170212765956,0.3333333333333333,0.7142857142857143,0.45454545454545453,0.6201298701298701,0.10300633343611347,13,20,4,10,107,800,30,14,15
DAIC_plus_external_audio,AudioExt_GradientBoosting,standard,f1,0.09000000000000001,0.6285714285714286,0.47619047619047616,0.8333333333333334,0.6060606060606061,0.3440312310280933,0.48936170212765956,0.3333333333333333,0.7142857142857143,0.45454545454545453,0.5541125541125541,0.10300633343611347,13,20,4,10,107,800,30,14,15
DAIC_plus_external_audio,AudioExt_ExtraTrees,robust,f1,0.22000000000000003,0.6857142857142857,0.5294117647058824,0.75,0.6206896551724138,0.3819510642945919,0.48936170212765956,0.3333333333333333,0.7142857142857143,0.45454545454545453,0.6201298701298701,0.10300633343611347,13,20,4,10,107,800,30,14,15
DAIC_plus_external_audio,AudioExt_GradientBoosting,robust,f1,0.09000000000000001,0.6285714285714286,0.47619047619047616,0.8333333333333334,0.6060606060606061,0.3440312310280933,0.48936170212765956,0.3333333333333333,0.7142857142857143,0.45454545454545453,0.5541125541125541,0.10300633343611347,13,20,4,10,107,800,30,14,15
DAIC_only,AudioExt_LogisticRegression,robust,f1,0.24000000000000005,0.6571428571428571,0.5,0.5,0.5,0.2391304347826087,0.48936170212765956,0.2727272727272727,0.42857142857142855,0.3333333333333333,0.4437229437229437,-0.05157877405578002,17,16,8,6,107,0,30,14,15
DAIC_only,AudioExt_SVC_RBF,robust,f1,0.28,0.4,0.36363636363636365,1.0,0.5333333333333333,0.17782168978975482,0.3617021276595745,0.2777777777777778,0.7142857142857143,0.4,0.3701298701298701,-0.07948960452592614,7,26,4,10,107,0,30,14,15
DAIC_only,AudioExt_SVC_RBF,robust,recall,0.28,0.4,0.36363636363636365,1.0,0.5333333333333333,0.17782168978975482,0.3617021276595745,0.2777777777777778,0.7142857142857143,0.4,0.3701298701298701,-0.07948960452592614,7,26,4,10,107,0,30,14,15
DAIC_plus_external_audio,AudioExt_LogisticRegression,robust,recall,0.060000000000000005,0.34285714285714286,0.3333333333333333,0.9166666666666666,0.4888888888888889,-0.0815016078203043,0.3191489361702128,0.30434782608695654,1.0,0.4666666666666667,0.6861471861471862,0.0960346885066768,1,32,0,14,107,800,30,14,15
DAIC_only,AudioExt_LogisticRegression,standard,f1,0.05,0.4,0.36363636363636365,1.0,0.5333333333333333,0.17782168978975482,0.3191489361702128,0.29545454545454547,0.9285714285714286,0.4482758620689655,0.3885281385281385,-0.020247063781244273,2,31,1,13,107,0,30,14,15
DAIC_only,AudioExt_LogisticRegression,standard,recall,0.05,0.4,0.36363636363636365,1.0,0.5333333333333333,0.17782168978975482,0.3191489361702128,0.29545454545454547,0.9285714285714286,0.4482758620689655,0.3885281385281385,-0.020247063781244273,2,31,1,13,107,0,30,14,15
DAIC_only,AudioExt_ExtraTrees,standard,recall,0.05,0.34285714285714286,0.34285714285714286,1.0,0.5106382978723404,0.0,0.2978723404255319,0.2978723404255319,1.0,0.45901639344262296,0.4978354978354978,0.0,0,33,0,14,107,0,30,14,15
DAIC_only,AudioExt_GradientBoosting,standard,recall,0.05,0.34285714285714286,0.34285714285714286,1.0,0.5106382978723404,0.0,0.2978723404255319,0.2978723404255319,1.0,0.45901639344262296,0.5497835497835498,0.0,0,33,0,14,107,0,30,14,15
DAIC_only,AudioExt_SVC_RBF,standard,recall,0.05,0.34285714285714286,0.34285714285714286,1.0,0.5106382978723404,0.0,0.2978723404255319,0.2978723404255319,1.0,0.45901639344262296,0.5887445887445888,0.0,0,33,0,14,107,0,30,14,15
DAIC_only,AudioExt_SoftVotingEnsemble,standard,recall,0.05,0.34285714285714286,0.34285714285714286,1.0,0.5106382978723404,0.0,0.2978723404255319,0.2978723404255319,1.0,0.45901639344262296,0.5021645021645021,0.0,0,33,0,14,107,0,30,14,15
DAIC_only,AudioExt_ExtraTrees,robust,recall,0.05,0.34285714285714286,0.34285714285714286,1.0,0.5106382978723404,0.0,0.2978723404255319,0.2978723404255319,1.0,0.45901639344262296,0.4978354978354978,0.0,0,33,0,14,107,0,30,14,15
DAIC_only,AudioExt_GradientBoosting,robust,recall,0.05,0.34285714285714286,0.34285714285714286,1.0,0.5106382978723404,0.0,0.2978723404255319,0.2978723404255319,1.0,0.45901639344262296,0.5497835497835498,0.0,0,33,0,14,107,0,30,14,15
DAIC_only,AudioExt_SoftVotingEnsemble,robust,recall,0.05,0.34285714285714286,0.34285714285714286,1.0,0.5106382978723404,0.0,0.2978723404255319,0.2978723404255319,1.0,0.45901639344262296,0.5151515151515151,0.0,0,33,0,14,107,0,30,14,15
DAIC_plus_external_audio,AudioExt_LogisticRegression,standard,recall,0.05,0.34285714285714286,0.34285714285714286,1.0,0.5106382978723404,0.0,0.2978723404255319,0.2978723404255319,1.0,0.45901639344262296,0.645021645021645,0.0,0,33,0,14,107,800,30,14,15
DAIC_plus_external_audio,AudioExt_RandomForest,standard,recall,0.05,0.34285714285714286,0.34285714285714286,1.0,0.5106382978723404,0.0,0.2978723404255319,0.2978723404255319,1.0,0.45901639344262296,0.6320346320346321,0.0,0,33,0,14,107,800,30,14,15
DAIC_plus_external_audio,AudioExt_ExtraTrees,standard,recall,0.05,0.34285714285714286,0.34285714285714286,1.0,0.5106382978723404,0.0,0.2978723404255319,0.2978723404255319,1.0,0.45901639344262296,0.6201298701298701,0.0,0,33,0,14,107,800,30,14,15
DAIC_plus_external_audio,AudioExt_SoftVotingEnsemble,standard,recall,0.05,0.34285714285714286,0.34285714285714286,1.0,0.5106382978723404,0.0,0.2978723404255319,0.2978723404255319,1.0,0.45901639344262296,0.6125541125541125,0.0,0,33,0,14,107,800,30,14,15
DAIC_plus_external_audio,AudioExt_RandomForest,robust,recall,0.05,0.34285714285714286,0.34285714285714286,1.0,0.5106382978723404,0.0,0.2978723404255319,0.2978723404255319,1.0,0.45901639344262296,0.6320346320346321,0.0,0,33,0,14,107,800,30,14,15
DAIC_plus_external_audio,AudioExt_ExtraTrees,robust,recall,0.05,0.34285714285714286,0.34285714285714286,1.0,0.5106382978723404,0.0,0.2978723404255319,0.2978723404255319,1.0,0.45901639344262296,0.6201298701298701,0.0,0,33,0,14,107,800,30,14,15
DAIC_plus_external_audio,AudioExt_SoftVotingEnsemble,robust,recall,0.05,0.34285714285714286,0.34285714285714286,1.0,0.5106382978723404,0.0,0.2978723404255319,0.2978723404255319,1.0,0.45901639344262296,0.6677489177489178,0.0,0,33,0,14,107,800,30,14,15
DAIC_plus_external_audio,AudioExt_SVC_RBF,standard,recall,0.05,0.34285714285714286,0.3225806451612903,0.8333333333333334,0.46511627906976744,-0.11892065626771291,0.2978723404255319,0.27906976744186046,0.8571428571428571,0.42105263157894735,0.5865800865800865,-0.13480263621268787,2,31,2,12,107,800,30,14,15
DAIC_only,AudioExt_LogisticRegression,robust,recall,0.05,0.37142857142857144,0.3333333333333333,0.8333333333333334,0.47619047619047616,-0.04914731871829904,0.2978723404255319,0.2682926829268293,0.7857142857142857,0.4,0.4437229437229437,-0.16907769336060993,3,30,3,11,107,0,30,14,15
DAIC_only,AudioExt_RandomForest,standard,recall,0.19000000000000003,0.37142857142857144,0.35294117647058826,1.0,0.5217391304347826,0.1238760208523001,0.2765957446808511,0.2727272727272727,0.8571428571428571,0.41379310344827586,0.5303030303030303,-0.21056946332494045,1,32,2,12,107,0,30,14,15
DAIC_only,AudioExt_RandomForest,robust,recall,0.19000000000000003,0.37142857142857144,0.35294117647058826,1.0,0.5217391304347826,0.1238760208523001,0.2765957446808511,0.2727272727272727,0.8571428571428571,0.41379310344827586,0.5303030303030303,-0.21056946332494045,1,32,2,12,107,0,30,14,15
DAIC_plus_external_audio,AudioExt_GradientBoosting,standard,recall,0.05,0.34285714285714286,0.34285714285714286,1.0,0.5106382978723404,0.0,0.2765957446808511,0.2826086956521739,0.9285714285714286,0.43333333333333335,0.5541125541125541,-0.22636748005145246,0,33,1,13,107,800,30,14,15
DAIC_plus_external_audio,AudioExt_GradientBoosting,robust,recall,0.05,0.34285714285714286,0.34285714285714286,1.0,0.5106382978723404,0.0,0.2765957446808511,0.2826086956521739,0.9285714285714286,0.43333333333333335,0.5541125541125541,-0.22636748005145246,0,33,1,13,107,800,30,14,15
